<?xml version="1.0" encoding="UTF-8" standalone="yes"?>
<spns version="1">
    <!-- Providers in Chinese mainland -->
    <spn numeric="46000,46002,46004,46007,46008" alpha="China Mobile" short="CMCC" alpha-zh="中国移动" short-zh="移动" alpha-zh_TW="中國移動" short-zh_TW="移動" alpha-bo_CN="སྒུལ་འཕྲིན།" short-bo_CN="སྒུལ་འཕྲིན།" alpha-ug_CN="كۆچمە" short-ug_CN="كۆچمە" />
    <spn numeric="46001,46006,46009,45407" alpha="China Unicom" short="CU" alpha-zh="中国联通" short-zh="联通" alpha-zh_TW="中國聯通" short-zh_TW="聯通" alpha-bo_CN="འབྲེལ་འཕྲིན།" short-bo_CN="འབྲེལ་འཕྲིན།" alpha-ug_CN="بىرلەشمە" short-ug_CN="بىرلەشمە" />
    <spn numeric="46003,46005,46011" alpha="China Telecom" short="CT" alpha-zh="中国电信" short-zh="电信" alpha-zh_TW="中國電信" short-zh_TW="電信" alpha-bo_CN="གློག་འཕྲིན།" short-bo_CN="གློག་འཕྲིན།" alpha-ug_CN="تېلېگراف" short-ug_CN="تېلېگراف" />

    <!-- Virtual providers in Chinese mainland -->
    <spn numeric="46001,46003" condition="alpha:小米通信" alpha="Mi Mobile" short="Mi" alpha-zh="小米移动" short-zh="小米" alpha-zh_TW="小米移動" short-zh_TW="小米" mvno="true"/>
    <spn numeric="46000,46001,46003" condition="alpha" alpha="Alibaba" short="Alibaba" alpha-zh="阿里通信" short-zh="阿里" alpha-zh_TW="阿里通信" short-zh_TW="阿里" mvno="true"/>
    <spn numeric="46000,46001" condition="alpha" alpha="China Mcom" short="Mcom" alpha-zh="中麦通信" short-zh="中麦" alpha-zh_TW="中麥通信" short-zh_TW="中麥" mvno="true"/>
    <spn numeric="46000,46003" condition="alpha" alpha="Soshare Mobile" short="Soshare" alpha-zh="分享通信" short-zh="分享" alpha-zh_TW="分享通信" short-zh_TW="分享" mvno="true"/>

    <!--  Providers in Taiwan -->
    <spn numeric="46601" alpha="Far EasTone" short="Far EasTone" alpha-zh="远传电信" short-zh="远传" alpha-zh_TW="遠傳電信" short-zh_TW="遠傳" />
    <spn numeric="46605" alpha="Gt" short="Gt" alpha-zh="Gt" short-zh="Gt" alpha-zh_TW="Gt" short-zh_TW="Gt" />
    <spn numeric="46689" alpha="T Star" short="T Star" alpha-zh="台湾之星" short-zh="台湾之星" alpha-zh_TW="台灣之星" short-zh_TW="台灣之星" />
    <spn numeric="46689" alpha="T Star" short="T Star" alpha-zh="台湾之星" short-zh="台湾之星" alpha-zh_TW="台灣之星" short-zh_TW="台灣之星" />
    <spn numeric="46692" alpha="Chunghwa" short="Chunghwa" alpha-zh="中华电信" short-zh="中华" alpha-zh_TW="中華電信" short-zh_TW="中華" />
    <spn numeric="46697" alpha="TW Mobile" short="TW Mobile" alpha-zh="台湾大哥大" short-zh="台湾大哥大" alpha-zh_TW="台灣大哥大" short-zh_TW="台灣大哥大" />

    <!-- Providers in HongKong -->
    <spn numeric="45403" alpha="3" short="3" />
    <spn numeric="45404" alpha="3 (2G)" short="3 (2G)" />
    <spn numeric="45415,45417" alpha="SmarTone HK" short="SmarTone HK" />
    <spn numeric="45412,45413" alpha="CMHK" short="CMHK" alpha-zh="中国移动香港" short-zh="移动香港" alpha-zh_TW="中國移動香港" short-zh_TW="移動香港" alpha-zh_HK="中國移動香港" short-zh_HK="移動香港"/>
    <spn numeric="45416,45419" alpha="csl." short="csl." />

    <!-- Providers in Macau -->
    <spn numeric="45500" alpha="SmarTone MAC" short="SmarTone MAC" />
    <spn numeric="45507,45502" alpha="China Telecom" short="CT" alpha-zh="中国电信" short-zh="电信" alpha-zh_TW="中國電信" short-zh_TW="電信" />

    <!-- Providers in Vietnam -->
    <spn numeric="45201" alpha="MobiFone" short="MobiFone" />
    <spn numeric="45202" alpha="VinaPhone" short="VinaPhone" />

    <!-- Providers in Singapore -->
    <spn numeric="52501,52502" alpha="Singtel" short="Singtel" />
    <spn numeric="52501,52502" condition="alpha" alpha="Zero 1" short="Zero 1" mvno="true"/>
    <spn numeric="52501,52502" condition="alpha" alpha="Zero1" short="Zero1" mvno="true"/>
    <spn numeric="52501,52502" condition="alpha" alpha="Zero SG" short="Zero SG" mvno="true"/>
    <spn numeric="52503,52504" alpha="M1" short="M1" />

    <!-- Virtual Providers in Singapore -->
    <spn numeric="52503" condition="alpha" alpha="Circles" short="Circles" mvno="true"/>

    <!-- Providers in Malaysia -->
    <spn numeric="50212,502142,502147,50217" alpha="MY MAXIS" short="MY MAXIS" />
    <spn numeric="50213,50219,502145,502148" alpha="MY CELCOM" short="MY CELCOM" />
    <spn numeric="50218" alpha="U Mobile" short="U Mobile" />
    <spn numeric="502153" alpha="unifi" short="unifi" />

    <!-- Providers in Indonesia -->
    <spn numeric="51011" alpha="XL" short="XL" />
    <spn numeric="51021" alpha="INDOSAT" short="INDOSAT" />

    <!-- Virtual Providers in Belgium -->
    <spn numeric="20601" condition="alpha;imsi:20601889xxxxxxx" alpha="Telenet" short="Telenet" mvno="true"/>
    <spn numeric="20601" condition="imsi:206018017000000~206018026999999" alpha="Virgin" short="Virgin" mvno="true"/>

    <!-- Virtual Providers in United Kingdom -->
    <spn numeric="23430" condition="alpha;gid1:28;imsi:2080120801xxx67xxxxx" alpha="Virgin" short="Virgin" mvno="true"/>

    <!-- Providers in Russian Federation -->
    <spn numeric="25011" alpha="YOTA" short="YOTA" />

    <!-- Providers in Ireland -->
    <spn numeric="27202" alpha="3 IRL" short="3 IRL" />

    <!-- Providers in Bulgaria -->
    <spn numeric="28401" alpha="A1 BG" short="A1 BG" />
    <spn numeric="28405" alpha="Telenor BG" short="Telenor BG" />

    <!-- Providers in India -->
    <spn numeric="40417,40441,40491" alpha="Aircel" short="Aircel" condition="numericSpn"/>

    <!-- Providers in Myanmar-->
    <spn numeric="41401" alpha="MPT" short="MPT" />

    <!-- Providers in France-->
    <spn numeric="20815" alpha="Free" short="Free" />
    <spn numeric="20801" alpha="Orange F" short="Orange F" />
    <spn numeric="20801" condition="alpha;imsi:208011511xxxxxx" alpha="Coriolis" short="Coriolis" mvno="true"/>

    <!-- Providers in Belgium-->
    <spn numeric="20610" alpha="Orange B" short="Orange B" />

    <!-- Virtual Providers -->
    <spn numeric="23207" condition="imsi:23207761xxxxxxx" alpha="Hot" short="Hot" mvno="true"/>
    <spn numeric="23207" condition="imsi:2320771806xxxxx" alpha="AllianzSIM" short="AllianzSIM" mvno="true"/>
    <spn numeric="23207" condition="imsi:232077990001000~232077990025999" alpha="LiwestMobil" short="LiwestMobil" mvno="true"/>
    <spn numeric="23207" condition="imsi:2320771809xxxxx" alpha="RAPID" short="RAPID" mvno="true"/>
    <spn numeric="29340" condition="imsi:293400130xxxxxx" alpha="Hot" short="Hot" mvno="true"/>

    <!-- Providers in Germany -->
    <spn numeric="26203" alpha="o2 - de" short="o2 - de" />
</spns>
